CST,Max TemperatureF,Mean TemperatureF,Min TemperatureF,Max Dew PointF,MeanDew PointF,Min DewpointF,Max Humidity, Mean Humidity, Min Humidity, Max Sea Level PressureIn, Mean Sea Level PressureIn, Min Sea Level PressureIn, Max VisibilityMiles, Mean VisibilityMiles, Min VisibilityMiles, Max Wind SpeedMPH, Mean Wind SpeedMPH, Max Gust SpeedMPH,PrecipitationIn, CloudCover, Events, WindDirDegrees
2009-1-1,27,19,11,20,14,2,81,71,61,30.24,29.89,29.71,10,9,2,21,11,29,T,6,Snow,198
2009-1-2,27,16,4,19,5,0,91,70,49,30.09,29.93,29.69,10,10,7,17,7,29,0.00,1,,292
2009-1-3,33,21,8,29,20,2,88,75,61,30.10,29.93,29.77,10,8,5,23,12,30,T,6,Rain,107
2009-1-4,33,20,7,31,22,-2,92,73,54,30.32,30.00,29.81,10,5,1,17,8,25,0.02,6,Rain-Snow,310
2009-1-5,27,17,6,10,6,-1,79,63,46,30.32,30.12,29.90,10,10,10,13,6,18,0.00,0,,203
2009-1-6,30,18,6,25,18,4,92,78,63,29.88,29.63,29.41,10,8,5,16,6,20,T,7,Snow,147
2009-1-7,28,20,11,25,17,5,92,81,70,29.60,29.36,29.28,8,4,0,17,7,23,0.01,8,Snow,291
2009-1-8,18,12,6,9,5,0,84,70,56,30.05,29.81,29.56,10,8,3,12,5,16,T,3,Snow,292
2009-1-9,19,13,6,14,10,4,92,81,70,30.21,30.05,29.98,10,5,0,16,9,21,0.19,7,Fog-Snow,62
2009-1-10,18,10,2,13,10,1,87,80,73,30.23,30.18,30.12,10,9,3,18,9,23,T,7,Snow,352
2009-1-11,19,10,1,11,6,0,91,79,67,30.19,30.12,30.03,10,7,2,9,2,13,T,4,Snow,251
2009-1-12,20,9,-3,18,11,-6,96,88,79,30.17,30.01,29.89,5,2,0,15,5,20,0.15,6,Fog-Snow,157
2009-1-13,16,3,-10,12,-3,-12,91,74,57,30.26,30.14,29.92,10,9,4,22,7,31,T,4,Snow,319
2009-1-14,7,0,-7,-3,-7,-19,83,68,53,30.52,30.17,30.02,10,5,2,21,10,25,0.04,5,Snow,25
2009-1-15,-2,-8,-15,-16,-20,-22,67,59,50,30.71,30.64,30.53,10,10,10,13,6,18,0.00,0,,293
2009-1-16,1,-9,-19,-9,-16,-22,82,67,51,30.71,30.55,30.23,10,10,9,12,4,14,T,1,Snow,187
2009-1-17,23,11,-1,16,7,-7,87,77,67,30.23,29.83,29.59,9,5,1,23,10,29,0.07,8,Snow,235
2009-1-18,16,9,2,11,5,-2,91,76,61,29.91,29.83,29.75,10,6,1,10,6,15,0.01,4,Snow,308
2009-1-19,20,10,-1,13,8,0,91,79,67,30.04,29.92,29.84,10,6,1,12,7,15,0.04,3,Snow,314
2009-1-20,19,10,1,9,5,-1,95,78,61,30.22,30.12,30.04,10,10,10,15,6,18,0.00,0,,305
2009-1-21,24,18,11,15,12,8,92,77,62,30.01,29.91,29.82,10,7,3,9,4,14,0.00,2,,225
2009-1-22,30,20,10,21,14,8,100,87,74,29.93,29.85,29.72,5,3,0,9,4,12,0.00,3,Fog,193
2009-1-23,27,17,7,18,12,-5,100,78,55,30.43,29.95,29.71,10,5,2,21,9,30,0.00,3,,313
2009-1-24,8,2,-4,-6,-11,-13,69,57,45,30.54,30.48,30.42,10,10,10,12,6,16,0.00,0,,296
2009-1-25,11,4,-3,-8,-10,-11,71,56,41,30.44,30.41,30.38,10,10,10,12,4,16,0.00,0,,285
2009-1-26,13,6,-1,-5,-7,-10,66,54,41,30.52,30.48,30.44,10,10,10,9,3,10,0.00,5,,284
2009-1-27,13,2,-10,3,-4,-13,82,65,48,30.55,30.38,30.11,10,8,2,7,1,8,T,4,Snow,333
2009-1-28,15,5,-6,8,0,-9,95,80,64,30.12,29.96,29.81,10,7,4,12,5,17,T,1,Snow,212
2009-1-29,24,18,11,19,13,2,84,70,56,29.98,29.85,29.74,10,7,3,15,7,22,0.01,7,Snow,276
2009-1-30,13,6,-1,1,-4,-6,79,66,52,30.16,30.10,29.99,10,10,10,13,5,17,T,1,,291
2009-1-31,39,25,10,28,18,1,81,70,59,30.05,29.76,29.55,10,9,6,17,9,24,0.00,3,,213
2009-2-1,38,31,23,24,18,16,74,57,40,29.99,29.88,29.65,10,10,10,16,7,25,0.00,0,,262
2009-2-2,25,14,2,17,5,-6,81,61,41,30.09,30.02,29.97,10,10,10,16,8,26,0.00,0,,289
2009-2-3,14,8,1,3,-1,-7,83,69,55,30.45,30.22,30.05,10,9,2,21,12,29,T,4,Snow,328
2009-2-4,14,5,-5,-2,-5,-9,79,66,53,30.61,30.54,30.46,10,10,10,13,5,15,0.00,0,,291
2009-2-5,26,14,2,16,6,-3,92,71,50,30.49,30.25,30.12,10,9,5,20,8,25,0.00,0,,187
2009-2-6,40,21,2,35,18,0,92,74,55,30.15,29.99,29.71,8,6,3,16,7,21,0.00,0,,169
2009-2-7,45,40,34,41,33,27,89,74,58,30.20,29.84,29.62,10,8,6,18,9,24,0.00,1,,249
2009-2-8,39,32,25,27,25,21,92,76,59,30.38,30.31,30.23,10,6,1,15,5,22,0.00,3,,209
2009-2-9,48,38,27,45,34,27,100,88,76,30.27,29.99,29.61,7,2,0,18,12,24,0.12,7,Fog-Rain,147
2009-2-10,54,43,32,45,38,31,93,70,46,29.71,29.61,29.52,10,10,8,21,11,35,0.00,1,,198
2009-2-11,40,36,32,36,32,29,100,88,75,29.75,29.60,29.46,10,8,2,18,8,26,0.15,6,Rain,318
2009-2-12,39,32,25,29,23,17,82,63,44,30.14,29.96,29.78,10,10,10,20,9,28,0.00,5,,284
2009-2-13,30,28,25,25,21,18,92,78,63,30.22,30.16,30.10,10,7,2,14,5,20,0.10,7,Snow,323
2009-2-14,32,25,18,23,16,10,92,66,39,30.30,30.17,30.09,10,8,2,15,7,21,T,4,Snow,318
2009-2-15,26,19,12,13,9,6,80,65,50,30.45,30.39,30.31,10,10,10,14,6,17,0.00,0,,329
2009-2-16,32,19,6,18,11,3,91,65,39,30.45,30.36,30.18,10,10,8,15,5,21,0.00,1,,195
2009-2-17,40,33,26,32,26,19,96,78,59,30.15,29.77,29.50,10,7,2,20,12,25,0.01,5,Rain,178
2009-2-18,34,23,11,34,26,0,100,81,61,29.94,29.51,29.37,10,3,0,25,10,36,0.12,8,Fog-Snow,322
2009-2-19,22,14,6,3,0,-2,76,56,36,30.16,30.08,29.95,10,10,10,21,11,28,0.00,0,,309
2009-2-20,27,17,6,18,6,1,79,58,37,30.16,30.09,29.98,10,9,2,13,4,15,T,2,Snow,178
2009-2-21,25,22,19,21,18,14,96,85,74,30.13,29.89,29.74,10,2,0,21,13,26,0.37,8,Fog-Snow,351
2009-2-22,21,14,7,12,6,1,80,66,51,30.57,30.37,30.14,10,9,4,15,7,20,T,2,Snow,302
2009-2-23,23,9,-5,6,2,-7,91,68,45,30.68,30.58,30.44,10,10,8,10,3,12,0.00,0,,110
2009-2-24,36,24,12,25,18,4,80,68,56,30.43,30.22,30.08,10,9,6,20,9,24,0.00,3,,174
2009-2-25,47,39,30,35,30,26,96,78,60,30.14,30.00,29.93,9,7,5,14,7,18,T,3,,213
2009-2-26,37,31,25,36,29,21,96,86,75,30.15,29.79,29.54,9,4,1,28,11,35,1.04,6,Rain-Snow-Thunderstorm,52
2009-2-27,26,19,12,21,11,2,88,72,56,30.49,30.11,29.68,10,10,5,25,15,33,T,4,Snow,15
2009-2-28,25,17,9,12,7,1,83,67,50,30.51,30.45,30.40,10,9,4,17,8,24,T,3,Snow,1
2009-3-1,19,13,7,2,0,-3,73,56,39,30.64,30.58,30.45,10,10,10,21,11,28,0.00,0,,9
2009-3-2,22,14,5,6,2,-2,87,65,43,30.64,30.60,30.57,10,10,10,14,5,16,0.00,0,,31
2009-3-3,28,16,4,16,10,2,91,71,50,30.58,30.47,30.31,10,10,8,16,7,23,0.00,3,,169
2009-3-4,42,34,27,26,19,15,69,56,35,30.32,30.17,30.00,10,10,9,17,11,21,0.00,2,,168
2009-3-5,60,47,34,47,39,26,86,73,60,29.98,29.72,29.59,10,8,5,23,10,30,0.00,3,,187
2009-3-6,55,42,29,45,37,28,100,78,55,30.06,29.87,29.67,10,5,0,14,4,17,0.00,1,Fog,301
2009-3-7,41,35,29,39,36,29,100,95,89,30.04,29.94,29.87,6,2,0,9,2,12,1.07,7,Fog-Rain,356
2009-3-8,38,34,30,33,30,27,100,88,76,30.08,29.79,29.57,10,4,0,23,12,30,1.04,7,Fog-Rain-Snow,28
2009-3-9,44,34,24,36,31,23,100,85,70,30.22,30.12,30.02,10,6,0,16,6,20,0.23,4,Fog-Rain,133
2009-3-10,51,37,23,50,39,23,100,88,76,30.01,29.73,29.53,10,3,0,21,8,35,0.46,8,Fog-Rain,137
2009-3-11,25,18,10,16,5,0,68,58,47,30.69,30.32,29.82,10,10,9,25,13,41,T,2,Snow,288
2009-3-12,23,14,5,11,2,-3,76,58,39,30.77,30.68,30.57,10,10,10,13,4,16,0.00,0,,357
2009-3-13,39,28,17,21,15,10,80,60,40,30.55,30.40,30.27,10,9,6,15,5,21,0.00,3,,200
2009-3-14,50,36,21,24,22,17,84,60,36,30.24,30.16,30.07,10,9,6,9,4,16,0.00,0,,198
2009-3-15,56,40,24,31,27,23,92,62,32,30.13,30.10,30.07,10,8,5,16,4,21,0.00,1,,175
2009-3-16,63,47,31,41,35,27,85,64,43,30.17,30.12,30.07,10,8,5,16,6,22,0.00,2,,183
2009-3-17,71,57,42,45,41,36,82,61,40,30.07,29.96,29.86,10,9,8,22,9,45,0.00,0,,225
2009-3-18,58,47,35,36,24,16,75,49,22,30.24,30.15,30.05,10,10,10,21,6,29,0.00,2,,318
2009-3-19,43,33,23,20,18,15,81,57,33,30.47,30.39,30.25,10,10,10,17,7,22,0.00,0,,350
2009-3-20,41,30,18,32,21,16,92,68,44,30.52,30.44,30.34,10,9,2,15,7,18,0.07,4,Rain-Snow,160
2009-3-21,61,47,33,38,33,30,92,62,32,30.36,30.31,30.27,10,9,3,17,6,21,T,3,Snow,184
2009-3-22,60,45,30,38,33,29,92,68,44,30.40,30.33,30.27,8,6,3,23,10,31,T,2,,86
2009-3-23,46,42,37,35,34,30,85,69,53,30.26,30.13,29.98,10,7,3,26,18,35,0.24,6,Rain,120
2009-3-24,58,49,39,54,42,30,100,79,58,29.97,29.76,29.54,10,4,1,24,13,41,2.28,8,Rain,129
2009-3-25,44,40,36,40,31,29,83,77,70,29.85,29.73,29.64,10,10,10,17,8,25,0.00,7,,229
2009-3-26,51,43,34,35,31,26,89,71,52,30.00,29.88,29.79,10,9,7,17,6,23,0.00,3,,253
2009-3-27,39,33,26,25,19,17,81,61,40,30.08,30.04,30.00,10,10,10,14,6,17,0.00,3,,341
2009-3-28,35,29,23,27,24,20,92,77,61,30.05,29.80,29.60,10,5,1,23,13,28,0.25,6,Snow,30
2009-3-29,44,37,29,27,25,18,92,66,39,29.91,29.61,29.51,10,6,1,22,13,29,0.06,6,Snow,341
2009-3-30,46,34,22,25,18,13,81,59,36,30.10,30.00,29.92,10,10,10,23,9,28,0.00,0,,96
2009-3-31,51,42,33,46,38,25,100,78,56,29.93,29.56,29.39,10,6,1,23,13,30,0.49,8,Rain,136
2009-4-1,49,41,33,27,25,22,75,56,37,29.82,29.60,29.48,10,10,5,20,10,30,T,6,Snow,228
2009-4-2,44,38,31,35,29,25,92,71,49,29.84,29.76,29.63,10,9,6,13,5,16,0.06,6,Rain,357
2009-4-3,47,40,32,32,26,24,78,60,42,29.94,29.74,29.60,10,10,10,20,10,28,0.00,3,,340
2009-4-4,50,39,27,31,26,24,85,64,42,30.11,30.03,29.96,10,10,10,16,5,21,0.00,1,,41
2009-4-5,39,35,31,29,26,21,92,72,52,30.01,29.91,29.81,10,7,0,28,16,33,0.07,8,Fog-Snow,44
2009-4-6,45,37,29,23,18,10,69,48,27,29.96,29.91,29.88,10,10,10,26,15,35,0.00,3,,344
2009-4-7,49,39,28,17,12,7,58,38,18,29.91,29.81,29.73,10,10,10,24,11,32,0.00,0,,306
2009-4-8,54,41,27,20,16,10,54,37,19,29.78,29.71,29.67,10,10,10,16,5,22,0.00,1,,294
2009-4-9,57,42,27,26,22,20,75,51,26,29.97,29.87,29.80,10,10,10,17,5,21,0.00,0,,15
2009-4-10,51,41,31,26,24,23,78,57,36,30.22,30.07,29.96,10,10,10,24,12,30,0.00,0,,38
2009-4-11,52,40,28,23,19,13,75,48,21,30.40,30.34,30.23,10,10,10,15,6,22,0.00,0,,39
2009-4-12,56,42,27,23,17,9,63,39,15,30.43,30.32,30.17,10,10,10,21,8,29,0.00,0,,92
2009-4-13,43,40,36,29,23,17,70,54,38,30.18,29.95,29.85,10,10,8,28,14,33,T,6,Rain-Snow,64
2009-4-14,59,48,37,30,24,19,70,47,23,30.09,29.96,29.88,10,10,8,23,13,36,T,4,Snow,29
2009-4-15,65,48,30,22,19,16,51,34,17,30.33,30.22,30.09,10,10,10,17,7,24,0.00,0,,40
2009-4-16,69,49,30,29,23,19,79,39,17,30.45,30.40,30.35,10,10,10,13,2,16,0.00,0,,128
2009-4-17,70,50,29,34,28,22,78,49,20,30.43,30.33,30.19,10,10,10,12,3,23,0.00,0,,197
2009-4-18,71,54,36,52,42,32,85,60,35,30.18,30.05,29.96,10,9,5,13,2,22,0.02,3,Rain,265
2009-4-19,54,47,40,54,44,39,100,87,74,29.96,29.88,29.81,8,4,2,14,9,17,0.69,8,Rain,20
2009-4-20,51,43,35,39,36,32,100,78,56,29.81,29.68,29.60,10,9,5,22,12,30,0.23,8,Rain,320
2009-4-21,47,39,30,37,34,28,100,80,60,29.78,29.62,29.52,10,8,4,26,11,36,0.28,6,Rain-Snow,306
2009-4-22,60,45,30,36,29,24,89,59,28,30.02,29.85,29.73,10,10,10,20,8,25,0.00,2,,324
2009-4-23,66,51,36,41,36,28,79,57,34,30.08,29.96,29.80,10,10,10,24,12,31,0.02,3,Rain,144
2009-4-24,82,63,44,59,52,40,93,68,43,29.79,29.73,29.65,10,9,4,28,12,38,T,1,Rain,184
2009-4-25,70,56,42,59,47,39,93,80,66,30.15,29.98,29.71,10,5,0,22,9,26,1.94,8,Rain-Thunderstorm,26
2009-4-26,69,55,41,62,48,39,100,79,57,30.16,30.02,29.83,10,6,2,22,9,28,0.72,7,Rain-Thunderstorm,121
2009-4-27,65,56,46,56,52,38,93,80,67,30.21,29.99,29.81,10,10,8,15,8,24,0.01,7,Rain,251
2009-4-28,60,51,41,37,33,28,82,57,31,30.45,30.39,30.22,10,10,10,23,13,29,0.00,1,,54
2009-4-29,55,50,45,49,42,35,89,77,65,30.42,30.29,30.11,10,9,4,18,10,22,T,8,,107
2009-4-30,70,61,51,57,53,43,100,76,51,30.10,29.88,29.74,10,6,2,13,5,24,0.39,7,Rain,114
2009-5-1,60,53,45,44,35,26,71,51,30,30.02,29.96,29.86,10,10,10,17,8,25,0.00,3,,292
2009-5-2,64,54,43,36,31,27,70,48,25,29.98,29.93,29.87,10,10,10,16,6,26,0.00,2,,272
2009-5-3,69,57,45,42,33,29,76,50,24,29.96,29.91,29.88,10,10,10,17,5,26,0.00,0,,273
2009-5-4,71,55,39,43,36,33,92,59,26,30.07,30.02,29.96,10,10,7,18,6,22,0.00,1,,153
2009-5-5,69,61,52,45,40,33,55,44,33,30.00,29.93,29.83,10,10,8,20,8,23,T,3,,171
2009-5-6,72,64,55,56,53,42,93,75,57,29.82,29.74,29.68,10,7,2,14,7,23,0.52,5,Rain-Thunderstorm,199
2009-5-7,73,63,52,56,51,40,100,66,31,29.73,29.71,29.68,10,7,2,14,5,24,0.00,4,,231
2009-5-8,75,61,46,54,46,36,93,59,25,29.71,29.66,29.57,10,9,3,18,4,23,0.25,2,Rain-Thunderstorm,189
2009-5-9,56,50,44,52,47,38,93,76,59,30.11,29.72,29.47,10,7,1,30,10,36,0.94,7,Rain-Thunderstorm,339
2009-5-10,59,50,40,43,40,38,82,67,51,30.17,30.13,30.09,10,10,7,17,6,23,0.00,6,,308
2009-5-11,63,55,47,42,37,33,80,58,36,30.23,30.19,30.15,10,10,10,10,4,14,0.00,5,,232
2009-5-12,70,58,46,41,39,38,76,54,31,30.20,30.08,29.89,10,10,7,28,13,32,T,1,Rain,175
2009-5-13,67,60,53,65,58,47,100,84,67,29.95,29.62,29.45,10,4,0,25,13,36,1.12,8,Fog-Rain-Thunderstorm,188
2009-5-14,64,57,50,49,43,37,77,61,44,30.12,29.94,29.62,10,10,10,15,7,25,0.00,1,,261
2009-5-15,62,56,50,54,51,47,89,75,60,30.14,29.97,29.81,10,9,5,23,8,28,0.02,6,Rain,154
2009-5-16,58,51,43,55,41,22,86,58,29,30.27,29.96,29.79,10,8,3,22,12,33,T,5,,285
2009-5-17,63,50,36,38,28,25,70,47,23,30.38,30.32,30.28,10,10,10,12,3,16,0.00,1,,304
2009-5-18,63,53,43,39,35,30,71,52,33,30.31,30.24,30.16,10,10,10,23,11,32,T,2,Rain,187
2009-5-19,82,68,53,56,49,40,66,53,39,30.17,30.12,30.06,10,10,10,18,11,25,0.00,0,,195
2009-5-20,83,72,60,52,49,44,72,49,26,30.12,30.05,29.96,10,10,10,24,12,35,0.00,0,,200
2009-5-21,80,71,62,59,52,45,72,56,40,30.17,30.06,29.99,10,10,10,15,8,22,0.00,3,,263
2009-5-22,71,64,56,56,49,43,83,62,41,30.27,30.21,30.15,10,9,2,17,8,21,0.07,4,Rain,86
2009-5-23,75,64,53,63,55,42,97,75,53,30.14,30.08,30.02,10,8,2,14,4,18,0.24,6,Rain,33
2009-5-24,73,61,49,59,50,37,93,67,41,30.14,30.09,30.05,10,7,1,14,7,20,0.00,3,,48
2009-5-25,69,58,46,46,40,35,67,52,37,30.12,30.05,29.95,10,10,10,23,11,28,T,4,Rain,77
2009-5-26,67,60,53,57,51,42,93,75,57,29.94,29.83,29.74,10,8,2,15,9,20,0.08,7,Rain,88
2009-5-27,57,55,52,54,52,50,100,93,86,29.73,29.71,29.68,10,4,1,17,9,21,0.38,8,Rain,10
2009-5-28,68,60,51,54,52,50,100,79,58,29.82,29.75,29.70,10,8,2,15,6,21,T,7,,316
2009-5-29,73,62,50,53,45,35,96,62,27,29.92,29.89,29.81,10,10,10,17,5,24,T,2,Rain,316
2009-5-30,74,61,48,52,44,32,83,57,30,29.89,29.82,29.74,10,10,8,17,7,25,0.05,3,Rain,280
2009-5-31,73,57,40,45,37,32,86,55,23,30.01,29.91,29.81,10,10,10,17,4,23,0.01,1,Rain-Thunderstorm,187
2009-6-1,79,64,48,63,54,42,90,64,38,30.09,29.85,29.74,10,10,8,25,8,30,0.01,3,Rain-Thunderstorm,155
2009-6-2,66,56,46,49,43,37,86,67,48,30.16,30.11,30.06,10,10,10,9,2,12,T,1,Rain,71
2009-6-3,68,58,47,49,41,36,89,61,32,30.23,30.17,30.12,10,10,10,18,8,24,0.00,1,,57
2009-6-4,71,56,40,46,41,32,93,63,32,30.15,30.06,29.96,10,10,9,9,2,14,0.00,1,,254
2009-6-5,78,65,52,51,47,43,66,49,32,29.95,29.88,29.81,10,10,10,15,6,23,0.00,1,,233
2009-6-6,59,55,50,45,41,38,77,66,55,30.01,29.94,29.88,10,10,7,18,9,23,0.01,5,Rain,79
2009-6-7,67,58,49,55,51,45,93,80,67,29.93,29.88,29.83,10,8,5,17,9,22,0.11,5,Rain-Thunderstorm,40
2009-6-8,68,61,53,63,57,52,97,85,73,29.92,29.77,29.69,10,7,1,23,8,29,1.26,7,Rain-Thunderstorm,6
2009-6-9,68,61,53,53,50,46,86,71,56,30.00,29.95,29.88,10,10,8,15,6,20,T,5,Rain,347
2009-6-10,73,63,53,54,52,49,93,71,49,29.97,29.91,29.85,10,9,6,12,5,14,T,3,,76
2009-6-11,74,64,54,55,51,47,83,65,46,29.93,29.86,29.83,10,10,10,17,8,21,0.00,3,,32
2009-6-12,75,63,51,56,49,43,89,62,35,29.98,29.95,29.93,10,10,10,14,2,17,0.04,5,Rain,112
2009-6-13,72,64,56,56,54,52,93,73,53,30.03,30.01,29.97,10,8,2,12,3,15,0.20,5,Rain,93
2009-6-14,79,66,53,58,54,48,100,68,35,30.04,30.01,29.97,10,8,1,8,2,12,0.00,1,Fog,303
2009-6-15,80,67,54,59,54,48,100,69,38,30.04,30.00,29.95,10,10,6,12,5,22,0.00,0,,137
2009-6-16,76,67,57,60,54,49,78,61,43,29.99,29.91,29.86,10,9,4,22,11,28,0.01,4,Rain,104
2009-6-17,76,69,61,64,61,60,93,77,60,29.92,29.88,29.84,10,5,1,12,4,15,0.16,6,Rain,71
2009-6-18,81,73,64,70,64,60,93,76,58,29.87,29.77,29.64,10,6,1,26,10,39,2.14,2,Rain-Thunderstorm,168
2009-6-19,84,76,68,73,68,66,93,81,69,29.72,29.64,29.58,10,8,0,20,6,24,0.17,5,Fog-Rain-Thunderstorm,209
2009-6-20,86,77,67,68,65,63,97,73,48,29.81,29.76,29.65,10,10,8,12,4,16,0.00,1,,306
2009-6-21,82,74,66,68,65,62,93,78,62,29.86,29.82,29.78,10,9,5,13,5,16,T,4,Rain,123
2009-6-22,88,77,65,75,68,60,94,77,59,29.83,29.78,29.76,10,9,6,10,4,13,0.04,4,Thunderstorm,139
2009-6-23,94,80,66,74,70,63,100,68,36,29.91,29.87,29.84,10,5,0,9,2,14,0.00,1,Fog,244
2009-6-24,90,79,68,72,68,63,93,68,43,29.92,29.89,29.85,10,10,6,10,2,13,0.00,0,Fog,321
2009-6-25,90,80,70,72,70,66,100,76,52,29.89,29.83,29.75,10,7,1,14,3,20,0.00,2,Fog,308
2009-6-26,86,74,62,66,60,57,100,69,37,29.89,29.86,29.80,10,10,8,12,3,15,0.00,0,,333
2009-6-27,85,73,60,72,64,56,84,66,48,29.91,29.79,29.66,10,10,10,21,8,25,T,3,Rain-Thunderstorm,186
2009-6-28,78,71,64,62,53,50,78,58,37,29.77,29.72,29.64,10,10,10,21,8,36,0.00,1,,287
2009-6-29,72,67,61,57,53,50,84,69,53,29.65,29.61,29.57,10,10,9,20,10,30,T,4,Rain,304
2009-6-30,64,59,54,56,53,51,93,80,67,29.72,29.68,29.64,10,10,10,14,7,21,0.02,8,Rain,321
2009-7-1,63,59,54,54,52,49,93,83,72,29.89,29.79,29.71,10,10,8,14,7,18,T,8,Rain,328
2009-7-2,70,62,53,58,55,52,93,77,61,30.04,29.98,29.88,10,10,10,14,5,17,0.00,6,,315
2009-7-3,76,68,60,61,59,56,90,72,54,30.12,30.08,30.05,10,10,9,9,3,12,0.00,5,,319
2009-7-4,76,68,59,62,60,58,97,77,57,30.05,29.99,29.94,10,8,4,9,2,14,0.00,4,,182
2009-7-5,82,69,56,65,57,51,100,68,36,29.97,29.94,29.89,10,5,0,14,4,20,0.00,2,Fog,322
2009-7-6,82,69,56,57,55,52,80,60,39,29.92,29.87,29.83,10,10,10,15,5,20,0.00,2,,316
2009-7-7,79,66,53,58,54,47,93,65,36,29.92,29.88,29.85,10,10,6,17,4,21,0.03,2,Rain,139
2009-7-8,68,61,54,61,55,51,93,76,59,30.06,30.00,29.93,10,10,6,12,6,15,0.05,4,Rain,109
2009-7-9,79,64,48,63,57,48,100,75,50,30.11,30.07,30.03,10,9,4,18,7,24,0.00,1,,167
2009-7-10,80,74,67,68,65,62,87,76,64,30.10,30.03,29.98,10,8,3,30,5,38,0.14,4,Rain-Thunderstorm,210
2009-7-11,79,68,57,68,57,44,100,65,30,30.11,30.05,30.00,10,9,1,22,5,30,0.63,3,Fog-Rain-Hail-Thunderstorm,324
2009-7-12,79,64,49,56,51,46,93,66,38,30.13,30.09,30.04,10,10,10,10,3,15,0.00,1,,356
2009-7-13,79,68,57,56,51,41,93,62,31,30.11,30.08,30.04,10,10,10,10,3,22,0.00,1,,20
2009-7-14,75,66,56,56,50,45,67,54,41,30.12,30.05,29.91,10,10,10,20,10,24,T,3,,160
2009-7-15,80,73,65,67,63,58,93,73,52,29.93,29.86,29.78,10,8,3,31,8,36,0.20,4,Rain-Thunderstorm,223
2009-7-16,75,66,57,58,52,46,86,64,41,29.95,29.89,29.83,10,10,10,15,6,26,0.00,2,,281
2009-7-17,66,60,54,52,50,47,89,76,63,29.96,29.87,29.83,10,10,10,17,6,24,0.01,5,Rain,312
2009-7-18,66,60,53,55,53,51,93,78,63,30.10,30.03,29.96,10,10,10,14,4,18,0.00,7,,322
2009-7-19,73,62,51,54,51,47,89,65,41,30.16,30.12,30.09,10,10,10,10,2,13,0.00,5,,333
2009-7-20,77,62,47,57,52,47,100,72,43,30.13,30.09,30.03,10,9,6,15,5,18,0.00,2,,165
2009-7-21,73,63,53,63,59,52,93,77,61,30.06,30.02,29.99,10,6,2,18,4,23,0.32,6,Rain,183
2009-7-22,75,67,59,64,61,59,100,82,64,30.01,29.99,29.95,10,4,1,12,4,13,0.26,6,Rain-Thunderstorm,26
2009-7-23,80,68,55,62,58,52,100,73,45,29.98,29.94,29.89,10,7,0,15,2,20,T,2,Fog-Rain-Thunderstorm,306
2009-7-24,75,66,56,65,60,55,100,80,60,29.88,29.78,29.66,10,10,7,29,4,45,0.03,3,Rain-Thunderstorm,217
2009-7-25,77,67,57,61,58,56,100,75,50,29.78,29.72,29.68,10,10,2,17,7,26,0.06,3,Rain,296
2009-7-26,80,70,59,63,60,58,97,74,51,29.89,29.84,29.78,10,10,10,15,5,21,0.00,4,Thunderstorm,316
2009-7-27,82,71,60,66,62,59,100,76,51,29.89,29.83,29.74,10,10,10,16,6,22,T,2,Rain,214
2009-7-28,78,68,57,64,57,49,93,65,36,29.83,29.78,29.76,10,10,5,14,5,21,0.00,1,,298
2009-7-29,77,64,51,56,52,49,100,69,38,29.88,29.85,29.82,10,10,10,13,4,18,0.00,1,,308
2009-7-30,73,65,56,64,59,54,97,75,53,29.88,29.84,29.80,10,8,2,12,3,18,0.21,5,Rain-Thunderstorm,222
2009-7-31,77,65,53,58,56,52,100,74,47,29.96,29.92,29.88,10,10,7,10,5,16,0.00,1,,225
2009-8-1,74,67,60,61,56,51,78,64,49,29.91,29.85,29.81,10,10,10,15,7,23,T,4,,241
2009-8-2,78,67,55,58,53,48,86,62,38,29.94,29.88,29.78,10,10,10,18,8,23,0.00,0,,236
2009-8-3,84,75,65,68,63,59,87,69,51,29.81,29.74,29.72,10,10,10,17,6,23,0.02,2,Rain-Thunderstorm,219
2009-8-4,82,68,54,65,59,52,100,73,45,30.01,29.88,29.79,10,9,5,16,4,22,0.00,0,,336
2009-8-5,78,64,50,55,52,48,100,69,38,30.12,30.08,30.02,10,10,10,10,2,15,0.00,1,,330
2009-8-6,81,68,54,57,54,52,86,64,42,30.14,30.10,30.07,10,10,7,12,2,16,0.00,2,,327
2009-8-7,72,66,59,65,62,57,93,80,66,30.11,30.06,29.96,10,6,1,16,8,21,0.25,7,Rain,157
2009-8-8,87,77,67,76,70,65,100,83,65,29.94,29.87,29.80,10,5,0,20,9,24,0.99,5,Rain-Thunderstorm,189
2009-8-9,84,77,69,76,72,66,91,80,69,30.00,29.89,29.84,10,8,4,18,6,31,0.15,4,Rain-Thunderstorm,193
2009-8-10,82,75,67,70,67,65,93,78,62,30.03,29.95,29.88,10,9,4,13,4,30,0.02,5,Rain,235
2009-8-11,81,71,60,66,61,56,93,68,42,30.07,30.03,29.96,10,9,6,14,5,18,0.00,1,,348
2009-8-12,83,70,56,62,58,54,100,70,39,30.13,30.09,30.06,10,9,3,12,3,15,0.00,1,Fog,190
2009-8-13,83,72,61,65,62,59,97,72,47,30.12,30.08,30.05,10,9,8,17,7,22,0.00,1,,182
2009-8-14,87,79,70,69,66,63,79,68,57,30.08,30.06,30.02,10,9,7,17,9,22,0.00,1,,195
2009-8-15,86,77,68,66,64,59,81,62,43,30.05,30.00,29.94,9,7,4,20,10,26,0.00,1,,183
2009-8-16,81,76,70,72,69,64,93,81,69,29.99,29.92,29.87,10,8,5,21,10,30,T,5,Rain,197
2009-8-17,80,74,68,72,68,65,97,80,62,30.03,29.98,29.93,10,9,5,12,3,16,0.03,6,Rain,256
2009-8-18,76,67,57,67,57,51,93,70,46,30.01,29.98,29.95,10,10,6,12,4,18,0.00,0,,268
2009-8-19,79,67,54,65,60,52,100,75,50,29.98,29.79,29.59,10,8,3,23,9,30,0.10,3,Rain,157
2009-8-20,74,68,62,65,62,57,100,81,61,29.63,29.58,29.54,10,7,1,16,8,26,0.42,5,Rain-Thunderstorm,217
2009-8-21,71,64,56,61,57,51,90,76,61,29.94,29.71,29.58,10,8,1,16,7,25,0.15,7,Rain,299
2009-8-22,73,62,50,55,52,49,100,77,53,30.09,30.03,29.96,10,10,7,16,5,22,0.00,2,,348
2009-8-23,75,61,47,57,53,47,100,75,49,30.14,30.10,30.06,10,9,2,9,2,14,0.00,1,Fog,197
2009-8-24,78,66,54,61,58,53,93,72,50,30.16,30.09,30.03,10,10,8,18,8,23,0.00,0,,195
2009-8-25,80,72,63,70,65,59,100,81,62,30.04,30.00,29.96,10,8,2,16,5,21,0.07,5,Rain,214
2009-8-26,76,69,61,70,61,53,97,73,49,30.14,30.08,30.01,10,8,2,17,8,22,T,4,Rain,53
2009-8-27,64,61,58,59,56,49,97,81,64,30.13,30.11,30.09,10,10,4,20,7,28,0.15,7,Rain,100
2009-8-28,74,66,57,57,55,51,93,71,49,30.08,29.96,29.87,10,10,4,20,5,25,0.13,5,Rain-Thunderstorm,4
2009-8-29,61,56,51,57,51,47,100,80,60,30.05,29.94,29.85,10,9,2,22,11,26,0.01,7,Rain,331
2009-8-30,66,55,44,49,44,40,100,69,37,30.25,30.18,30.07,10,10,10,17,7,24,0.00,1,,5
2009-8-31,70,55,40,50,44,39,100,70,39,30.33,30.29,30.25,10,8,0,8,1,13,0.00,1,Fog,332
2009-9-1,73,57,41,52,46,41,100,69,38,30.36,30.31,30.26,10,8,4,9,2,14,0.00,0,Fog,198
2009-9-2,74,58,42,53,48,42,100,71,41,30.31,30.26,30.18,10,9,5,8,1,10,0.00,0,Fog,120
2009-9-3,76,60,44,53,49,44,100,68,36,30.22,30.18,30.12,10,7,2,10,1,14,0.00,0,Fog,65
2009-9-4,77,61,44,55,50,45,100,69,38,30.19,30.16,30.14,10,6,1,10,2,18,0.00,0,,41
2009-9-5,79,64,48,58,50,45,100,65,30,30.26,30.22,30.19,10,5,1,12,2,16,0.00,1,,108
2009-9-6,80,63,46,60,53,46,100,71,42,30.27,30.23,30.17,9,3,0,13,3,16,0.00,2,Fog,70
2009-9-7,80,65,49,58,53,48,100,70,39,30.18,30.15,30.08,10,5,0,13,3,15,0.00,1,Fog,64
2009-9-8,81,65,48,58,53,48,100,71,42,30.14,30.11,30.07,10,8,3,17,4,21,0.00,1,Fog,57
2009-9-9,80,66,52,62,58,52,100,79,58,30.20,30.16,30.13,7,6,5,10,4,14,0.00,1,,70
2009-9-10,83,69,55,64,58,55,100,74,47,30.25,30.22,30.18,9,4,0,16,5,20,0.00,2,Fog,111
2009-9-11,82,67,52,63,57,53,100,70,40,30.23,30.19,30.12,10,6,0,13,4,18,0.00,2,,124
2009-9-12,83,67,51,58,54,48,100,67,33,30.19,30.16,30.12,10,8,5,12,2,15,0.00,1,,43
2009-9-13,83,66,48,58,52,48,100,69,37,30.18,30.15,30.08,10,4,0,8,1,12,0.00,0,Fog,207
2009-9-14,84,69,53,60,56,51,100,67,34,30.13,30.08,30.03,10,8,4,8,1,10,0.00,1,,295
2009-9-15,84,69,54,62,57,54,100,73,45,30.16,30.09,30.06,10,8,5,15,4,17,0.00,1,,23
2009-9-16,75,61,46,58,55,47,100,73,46,30.28,30.25,30.17,10,10,8,17,7,21,0.00,4,,56
2009-9-17,72,58,43,54,49,43,100,71,41,30.28,30.21,30.14,10,8,4,8,1,12,0.00,1,,343
2009-9-18,79,64,49,59,54,47,100,73,45,30.26,30.19,30.15,10,10,7,15,4,17,0.00,3,,76
2009-9-19,77,63,49,56,51,40,100,65,29,30.29,30.23,30.17,10,9,3,13,3,21,0.00,2,,70
2009-9-20,75,61,47,57,51,46,100,71,41,30.19,30.10,29.94,10,4,0,23,6,26,0.19,4,Fog-Rain,89
2009-9-21,71,64,57,59,57,55,100,81,61,30.00,29.95,29.91,10,6,2,12,4,14,T,5,,212
2009-9-22,70,65,60,67,63,57,100,92,84,30.03,29.98,29.94,10,4,1,20,5,23,3.67,7,Rain,62
2009-9-23,76,68,60,65,63,61,100,82,64,30.17,30.11,30.03,7,3,0,9,2,12,0.00,6,Fog,345
2009-9-24,74,65,56,64,61,55,100,84,68,30.21,30.17,30.13,7,2,0,9,3,12,0.00,5,Fog,151
2009-9-25,69,64,59,61,58,53,100,79,57,30.16,30.13,30.08,10,6,2,16,7,20,0.14,7,Rain,130
2009-9-26,71,64,57,58,56,53,100,79,57,30.07,29.95,29.75,10,6,2,8,3,10,0.00,6,,233
2009-9-27,72,62,52,60,55,39,93,73,53,29.74,29.51,29.39,10,8,2,18,8,30,0.58,3,Rain-Thunderstorm,241
2009-9-28,60,54,47,48,44,37,93,75,57,29.81,29.56,29.42,10,9,2,25,14,39,0.10,7,Rain,298
2009-9-29,58,51,44,44,41,36,76,69,62,30.13,30.01,29.82,10,10,10,22,10,31,0.00,7,,334
2009-9-30,59,47,34,40,37,33,92,70,47,30.20,30.14,30.09,10,10,10,16,5,22,0.00,2,,57
2009-10-1,57,48,39,52,47,37,100,89,77,30.09,29.83,29.60,10,6,2,25,12,31,0.52,6,Rain-Thunderstorm,120
2009-10-2,54,50,45,52,46,43,100,86,71,29.58,29.46,29.42,10,8,2,25,8,29,0.07,8,Rain,186
2009-10-3,53,48,42,47,45,43,100,86,71,29.86,29.65,29.50,10,9,2,10,4,14,0.04,7,Rain,322
2009-10-4,54,51,47,45,44,42,93,80,66,30.08,29.97,29.87,10,10,9,12,4,22,0.00,8,,265
2009-10-5,60,52,44,46,44,40,100,76,51,30.12,30.05,29.96,10,10,10,9,3,16,0.00,6,,357
2009-10-6,58,52,45,54,48,39,100,81,62,29.94,29.56,29.39,10,7,2,28,12,38,0.28,8,Rain,180
2009-10-7,58,51,43,43,40,36,92,70,47,29.98,29.87,29.67,10,10,6,14,7,22,T,4,Rain,256
2009-10-8,52,49,45,47,43,39,86,77,68,29.96,29.92,29.88,10,9,5,12,4,17,0.04,5,Rain,303
2009-10-9,48,40,31,38,34,28,82,68,54,30.09,29.97,29.91,10,10,10,20,8,23,0.00,3,,339
2009-10-10,41,34,27,29,22,13,92,61,30,30.30,30.21,30.10,10,10,3,17,5,24,T,2,Snow,312
2009-10-11,43,35,26,27,21,19,75,57,39,30.42,30.36,30.30,10,10,10,14,3,17,0.00,3,,237
2009-10-12,45,40,35,36,31,26,92,75,58,30.32,30.21,30.12,10,9,5,16,6,20,T,8,,34
2009-10-13,46,38,29,30,28,27,92,71,49,30.46,30.38,30.26,10,9,7,22,9,28,0.00,2,,20
2009-10-14,45,41,36,38,35,31,92,79,65,30.35,30.22,30.04,10,10,5,22,11,28,0.06,7,Rain,62
2009-10-15,41,39,37,37,36,35,92,89,85,30.11,30.04,30.00,10,8,5,18,11,22,0.16,8,Rain,56
2009-10-16,47,39,31,35,32,29,92,75,58,30.27,30.19,30.12,10,10,8,18,9,24,T,5,,10
2009-10-17,50,40,29,35,32,28,100,80,60,30.39,30.34,30.27,10,9,5,15,3,20,0.00,3,,325
2009-10-18,54,41,28,35,32,27,100,73,46,30.34,30.20,30.02,10,9,5,17,8,23,0.00,0,,196
2009-10-19,64,54,44,48,42,34,86,71,56,30.01,29.93,29.86,10,10,7,14,7,20,0.00,0,,208
2009-10-20,54,50,45,52,48,43,100,92,83,30.08,30.02,29.96,7,4,2,12,5,14,0.03,6,Rain,80
2009-10-21,70,59,48,57,52,46,100,81,61,30.07,29.97,29.84,10,5,2,17,7,24,0.04,7,Rain,135
2009-10-22,50,46,41,52,42,39,100,95,89,30.09,29.97,29.86,10,5,2,24,16,31,0.94,8,Rain,30
2009-10-23,48,43,37,47,42,35,100,95,89,29.84,29.51,29.32,10,4,1,26,11,35,0.47,8,Rain,17
2009-10-24,52,44,36,39,34,30,92,68,44,29.84,29.64,29.48,10,9,5,14,6,20,T,6,,274
2009-10-25,60,53,45,45,42,38,83,69,55,30.04,29.92,29.84,10,10,10,13,4,17,T,5,Rain,187
2009-10-26,50,47,43,47,46,42,100,93,86,30.06,30.03,29.99,9,4,2,10,4,15,0.16,8,Rain,343
2009-10-27,52,42,32,43,36,32,100,75,50,30.04,29.98,29.86,10,4,0,13,4,16,0.00,3,Fog,115
2009-10-28,56,48,40,49,45,39,96,87,77,30.06,29.96,29.83,9,6,3,13,5,16,0.00,7,,143
2009-10-29,57,54,50,54,49,46,93,83,72,30.09,29.92,29.67,7,4,2,24,12,30,0.60,7,Rain,139
2009-10-30,67,54,40,63,53,31,100,75,50,29.67,29.47,29.31,10,6,1,23,14,35,0.39,7,Rain,187
2009-10-31,42,36,29,34,29,24,85,67,49,30.10,29.72,29.46,10,10,10,20,7,30,T,6,,272
2009-11-1,52,40,28,36,32,26,92,71,50,30.19,30.12,30.04,10,10,10,18,7,22,0.00,2,,172
2009-11-2,54,46,38,41,32,22,89,60,30,30.27,30.13,30.02,10,10,9,20,8,26,0.02,2,Rain,292
2009-11-3,45,37,28,31,24,21,75,58,41,30.40,30.32,30.25,10,10,10,14,4,20,T,2,Rain,249
2009-11-4,48,43,37,34,33,31,82,71,60,30.29,30.20,30.14,10,10,8,13,7,18,T,7,Rain,293
2009-11-5,52,42,31,32,30,28,89,65,41,30.34,30.30,30.27,10,9,5,14,3,18,0.00,0,,279
2009-11-6,63,49,35,46,39,29,82,65,48,30.25,29.96,29.72,10,10,9,22,14,31,0.00,2,,169
2009-11-7,71,55,38,48,44,37,86,61,35,30.03,29.81,29.65,10,9,6,14,5,22,0.00,0,,226
2009-11-8,71,52,33,53,43,32,100,67,34,30.13,30.03,29.95,10,9,6,18,7,23,0.00,0,,169
2009-11-9,63,49,34,54,41,33,92,66,40,30.42,30.25,29.99,10,10,9,16,5,22,0.00,1,,325
2009-11-10,59,43,27,36,31,25,92,63,33,30.53,30.50,30.43,10,10,10,13,4,15,0.00,0,,33
2009-11-11,53,39,24,36,27,23,92,65,38,30.52,30.44,30.31,10,10,10,14,3,15,0.00,0,,177
2009-11-12,53,39,25,32,27,23,92,64,35,30.27,30.11,29.94,10,10,7,20,8,24,0.00,0,,177
2009-11-13,56,48,39,39,32,26,61,52,43,29.93,29.81,29.72,10,10,9,20,13,25,0.00,1,,173
2009-11-14,56,48,39,45,40,32,79,70,61,30.01,29.82,29.70,10,9,7,14,6,20,T,6,,251
2009-11-15,47,40,32,32,26,20,85,61,37,30.28,30.18,30.02,10,10,10,16,7,21,0.00,0,,356
2009-11-16,46,38,29,36,30,24,85,74,62,30.30,30.26,30.23,10,10,7,20,9,24,0.00,1,,40
2009-11-17,49,41,32,36,33,29,100,73,46,30.24,30.18,30.11,10,10,7,23,14,29,T,3,Rain,47
2009-11-18,45,42,38,45,40,36,100,88,76,30.11,30.05,30.01,10,6,2,13,7,16,0.14,7,Rain,74
2009-11-19,46,42,38,43,40,37,100,92,83,30.09,30.02,29.99,7,3,0,9,3,15,0.06,8,Fog-Rain,261
2009-11-20,53,46,39,40,39,37,89,74,59,30.16,30.13,30.09,7,5,3,9,4,13,0.00,4,,241
2009-11-21,51,41,30,39,34,28,100,81,61,30.19,30.15,30.12,6,3,0,12,3,14,0.00,3,Fog,176
2009-11-22,58,48,37,45,41,36,92,77,62,30.18,30.15,30.12,7,5,2,14,7,16,0.00,4,,156
2009-11-23,47,40,33,45,41,34,100,93,86,30.17,30.13,30.09,4,2,0,13,6,15,0.00,6,Fog,110
2009-11-24,48,46,43,45,44,41,96,91,86,30.09,29.91,29.70,4,2,1,15,8,20,0.35,8,Rain,93
2009-11-25,47,40,33,45,40,32,100,93,86,29.75,29.71,29.67,9,4,1,13,6,20,0.60,8,Rain-Snow,300
2009-11-26,41,37,32,39,31,22,100,82,63,29.97,29.87,29.70,10,9,4,20,12,29,0.15,8,Rain,317
2009-11-27,39,33,27,27,23,21,78,64,50,30.03,29.97,29.91,10,10,7,10,4,14,0.00,3,,224
2009-11-28,50,38,26,36,30,25,100,78,56,29.90,29.82,29.77,8,6,4,7,1,8,0.00,0,,176
2009-11-29,41,35,28,34,30,22,100,82,64,30.00,29.86,29.76,10,6,3,17,9,25,0.00,6,,339
2009-11-30,41,36,30,32,26,22,75,63,50,30.02,29.92,29.79,10,10,9,15,7,29,0.00,4,,237
2009-12-1,50,40,29,33,32,28,92,72,52,29.82,29.76,29.70,10,10,7,14,7,18,0.00,0,,202
2009-12-2,43,38,32,33,27,24,82,73,64,29.82,29.76,29.69,10,10,7,18,10,24,0.00,4,,339
2009-12-3,33,28,23,27,24,21,92,81,69,30.04,29.91,29.75,10,7,1,16,6,22,0.04,8,Snow,302
2009-12-4,25,22,18,21,14,9,96,79,62,30.15,30.09,30.00,10,8,5,15,7,25,T,8,Snow,268
2009-12-5,32,27,21,17,14,12,68,57,45,30.13,30.09,30.06,10,10,7,13,8,17,T,4,Snow,195
2009-12-6,36,29,22,23,20,18,78,67,56,30.18,30.15,30.07,10,9,6,10,5,16,T,4,Snow,47
2009-12-7,29,22,14,25,20,13,92,83,74,30.32,30.18,30.09,10,4,1,14,6,16,0.09,6,Snow,7
2009-12-8,32,24,15,31,24,14,92,88,84,30.30,29.96,29.24,8,2,0,25,10,31,0.67,8,Fog-Snow,68
2009-12-9,32,21,9,31,24,4,92,82,71,29.68,29.16,28.91,10,2,0,24,15,32,0.70,8,Snow,346
2009-12-10,10,4,-3,2,-4,-8,79,70,60,30.10,29.90,29.67,10,10,6,16,9,25,T,3,Snow,260
2009-12-11,17,10,2,5,2,-4,87,72,56,30.31,30.25,30.11,10,9,5,10,5,17,0.00,0,,219
2009-12-12,33,20,6,31,20,4,92,78,63,30.25,30.03,29.85,10,7,2,15,9,20,0.01,5,Rain,182
2009-12-13,33,32,30,32,29,26,100,89,78,30.01,29.90,29.80,5,3,1,12,5,17,0.01,8,Snow,29
2009-12-14,33,27,20,32,26,15,100,91,81,30.15,29.88,29.74,10,4,0,17,9,23,0.07,8,Fog-Rain-Snow,9
2009-12-15,20,10,0,13,0,-7,88,73,57,30.56,30.41,30.18,10,10,9,15,7,22,T,1,Snow,299
2009-12-16,14,8,1,0,-3,-7,95,75,55,30.57,30.52,30.45,10,10,8,8,3,12,0.00,1,,179
2009-12-17,28,14,0,23,12,-2,95,81,66,30.44,30.26,30.10,9,7,3,9,4,12,T,3,,47
2009-12-18,30,23,16,25,21,15,96,86,75,30.09,30.02,29.95,8,4,2,16,9,21,0.00,6,,12
2009-12-19,30,28,25,27,23,21,92,87,81,30.08,30.02,29.94,9,6,3,14,8,18,T,8,Snow,341
2009-12-20,27,24,20,21,19,17,96,82,68,30.12,30.08,30.03,10,7,2,7,1,8,T,8,Snow,204
2009-12-21,26,25,23,22,20,19,88,82,75,30.22,30.12,30.05,6,4,3,12,4,14,T,8,Snow,325
2009-12-22,30,26,22,27,22,19,92,82,72,30.29,30.22,30.18,8,3,0,17,10,23,0.23,8,Fog-Snow,72
2009-12-23,32,30,28,29,26,23,92,85,78,30.30,30.19,30.07,10,5,1,25,16,32,0.28,8,Rain-Snow,87
2009-12-24,35,34,32,32,31,28,96,93,89,30.09,29.95,29.65,8,5,2,28,17,36,0.46,8,Rain,105
2009-12-25,40,29,17,37,28,10,92,83,73,29.64,29.46,29.34,10,4,1,30,17,37,0.43,8,Rain-Snow,156
2009-12-26,40,29,17,21,14,7,92,83,73,29.78,29.69,29.63,10,5,1,30,17,37,0.49,7,Snow,114
2009-12-27,21,14,7,18,12,7,96,85,73,29.91,29.83,29.73,10,7,4,9,3,14,T,6,Snow,281
2009-12-28,29,21,12,21,15,4,88,69,50,30.39,30.05,29.82,10,9,5,22,10,31,T,4,Snow,310
2009-12-29,19,10,1,7,5,0,88,75,61,30.51,30.42,30.28,10,10,10,12,4,13,0.00,0,,182
2009-12-30,29,21,12,27,22,7,92,83,73,30.26,29.96,29.84,10,4,1,15,9,21,0.11,7,Snow,190
2009-12-31,30,19,8,27,14,1,92,73,53,30.26,30.01,29.82,10,6,2,17,8,23,T,5,Snow,297
